season,player_id,player_display_name,position,feat_points,predicted_2026_points
2025,00-0031492,Jason Myers,K,206.0,133.0843584698253
2025,00-0032726,Ka'imi Fairbairn,K,176.0,133.7473890504162
2025,00-0037692,Brandon Aubrey,K,155.6,118.65890895666433
2025,00-0040200,Andy Borregales,K,153.0,95.33371255586452
2025,00-0037224,Cameron Dicker,K,151.0,109.14977306676646
2025,00-0039409,Cam Little,K,146.0,105.6709089093451
2025,00-0032569,Wil Lutz,K,139.0,95.71037153230714
2025,00-0039172,Jake Bates,K,135.0,103.54266260127558
2025,00-0040074,Tyler Loop,K,134.0,102.80596195617458
2025,00-0033303,Harrison Butker,K,130.0,99.85915937577062
2025,00-0031203,Cairo Santos,K,130.0,99.85915937577062
2025,00-0039404,Will Reichard,K,130.0,99.85915937577062
2025,00-0034173,Eddy Pineiro,K,129.0,105.06210768179636
2025,00-0031136,Chris Boswell,K,129.0,93.84277077411252
2025,00-0035358,Chase McLaughlin,K,128.0,98.38575808556864
2025,00-0023853,Matt Prater,K,121.0,93.2288535698617
2025,00-0036854,Evan McPherson,K,116.0,89.54535034435673
2025,00-0036816,Riley Patterson,K,115.0,88.80864969925575
2025,00-0038905,Blake Grupe,K,112.0,91.75545227965972
2025,00-0038567,Chad Ryland,K,111.0,85.86184711885178
2025,00-0035192,Joey Slye,K,110.0,90.1899634088201
2025,00-0033787,Jake Elliott,K,108.0,79.23154131294287
2025,00-0029822,Brandon McManus,K,107.0,93.42530707522197
2025,00-0025565,Nick Folk,K,106.0,87.0589856671409
2025,00-0040279,Ryan Fitzgerald,K,106.0,77.83999564997434
2025,00-0039498,Harrison Mevis,K,102.0,110.54131872973498
2025,00-0038428,Andre Szmyt,K,97.0,75.54803808743792
2025,00-0034161,Daniel Carlson,K,87.0,68.181031636428
2025,00-0035269,Matt Gay,K,77.0,84.4498375490749
2025,00-0033862,Zane Gonzalez,K,74.0,107.06245457231363
2025,00-0038562,Jake Moody,K,72.0,104.27936324637656
2025,00-0039750,Joshua Karty,K,53.0,87.0241027190619
2025,00-0034084,Mike Badgley,K,53.0,77.83999564997434
2025,00-0039576,Spencer Shrader,K,53.0,136.84153175984034
2025,00-0039229,Charlie Smyth,K,49.0,106.36668174082936
2025,00-0037542,John Parker Romo,K,45.0,84.59893172725009
2025,00-0026858,Graham Gano,K,36.0,94.26023447300308
2025,00-0040530,Ben Sauls,K,31.0,133.50182216871588
2025,00-0033702,Younghoe Koo,K,31.0,68.79494884067884
2025,00-0035189,Matthew Wright,K,19.0,63.576652604546815
2025,00-0038152,Lucas Havrisik,K,19.0,83.40617830184848
2025,00-0039934,Jude McAtamney,K,15.0,51.05274163782997
2025,00-0034857,Josh Allen,QB,414.76,276.76509470928977
2025,00-0039851,Drake Maye,QB,412.88,235.7547238664639
2025,00-0026498,Matthew Stafford,QB,411.32,249.93650974062643
2025,00-0036971,Trevor Lawrence,QB,355.56,237.36102082321185
2025,00-0039918,Caleb Williams,QB,352.90000000000003,222.38975408634622
2025,00-0039732,Bo Nix,QB,320.90000000000003,211.7703708940362
2025,00-0036389,Jalen Hurts,QB,313.18,220.2042389048745
2025,00-0033077,Dak Prescott,QB,307.78,217.81178958915586
2025,00-0033106,Jared Goff,QB,297.06,212.30825552871306
2025,00-0036355,Justin Herbert,QB,294.94,206.89675974215942
2025,00-0033873,Patrick Mahomes,QB,281.68,241.3834442275384
2025,00-0034869,Sam Darnold,QB,279.7,169.27680883311223
2025,00-0034855,Baker Mayfield,QB,267.92,189.26301179181326
2025,00-0036264,Jordan Love,QB,261.16,197.00136373944622
2025,00-0040691,Jaxson Dart,QB,239.58,205.40718530968377
2025,00-0039150,Bryce Young,QB,237.0,166.77504160236612
2025,00-0023459,Aaron Rodgers,QB,226.92000000000002,161.26085210354796
2025,00-0033119,Jacoby Brissett,QB,225.44,193.3325248430221
2025,00-0035710,Daniel Jones,QB,224.44,208.54724140472894
2025,00-0039163,C.J. Stroud,QB,222.12,165.95594507084343
2025,00-0034796,Lamar Jackson,QB,212.85999999999999,197.43155000046477
2025,00-0037834,Brock Purdy,QB,197.56,215.99847047817013
2025,00-0040676,Cam Ward,QB,186.66,130.40455482490813
2025,00-0030565,Geno Smith,QB,171.9,136.4992966113361
2025,00-0036212,Tua Tagovailoa,QB,158.70000000000002,136.94926811722166
2025,00-0040743,Tyler Shough,QB,155.96,169.20065350540426
2025,00-0026158,Joe Flacco,QB,142.66,130.95167181856468
2025,00-0036442,Joe Burrow,QB,134.46,203.77036425594787
2025,00-0036945,Justin Fields,QB,132.66,174.2956591636903
2025,00-0036972,Mac Jones,QB,128.9,128.66811818102354
2025,00-0032268,Marcus Mariota,QB,123.5,147.34174321665853
2025,00-0039923,J.J. McCarthy,QB,123.38,148.06624578423214
2025,00-0039917,Michael Penix Jr.,QB,118.28,157.75059823007734
2025,00-0039910,Jayden Daniels,QB,112.28,189.05534020009725
2025,00-0029604,Kirk Cousins,QB,103.54,124.83091021356618
2025,00-0039376,Spencer Rattler,QB,99.14,130.4735784488015
2025,00-0040668,Shedeur Sanders,QB,84.9,126.93490373818672
2025,00-0035228,Kyler Murray,QB,77.78,184.0291954237424
2025,00-0040704,Dillon Gabriel,QB,70.08,85.27003822984035
2025,00-0032950,Carson Wentz,QB,68.34,163.59651012509863
2025,00-0036898,Davis Mills,QB,66.6,133.5061501928086
2025,00-0028118,Tyrod Taylor,QB,59.46,117.39391270861351
2025,00-0038128,Malik Willis,QB,51.17999999999999,156.29963166608485
2025,00-0029263,Russell Wilson,QB,49.84,99.5361345626945
2025,00-0035100,Jake Browning,QB,48.74,117.36508982943336
2025,00-0031503,Jameis Winston,QB,43.28,176.10142524264592
2025,00-0035993,Tyler Huntley,QB,40.14,96.01196693013749
2025,00-0040234,Quinn Ewers,QB,33.18,100.03509791630937
2025,00-0022942,Philip Rivers,QB,31.659999999999997,127.02154740417373
2025,00-0040206,Riley Leonard,QB,31.0,76.77721802490791
2025,00-0033869,Mitchell Trubisky,QB,29.119999999999997,90.53349077110497
2025,00-0040398,Brady Cook,QB,26.46,59.1826841895975
2025,00-0026300,Josh Johnson,QB,24.380000000000003,96.77706928775278
2025,00-0034771,Mason Rudolph,QB,15.08,31.91400255985651
2025,00-0038400,Tanner McKee,QB,13.760000000000002,42.137639957837806
2025,00-0037012,Trey Lance,QB,13.54,38.18525209475087
2025,00-0037324,Chris Oladokun,QB,11.200000000000001,44.03388094886812
2025,00-0039398,Joe Milton III,QB,10.32,33.454911958031786
2025,00-0027973,Andy Dalton,QB,9.52,30.043173114634435
2025,00-0038102,Kenny Pickett,QB,7.720000000000001,17.262215844445844
2025,00-0035264,Jarrett Stidham,QB,7.520000000000001,44.311550503806224
2025,00-0038579,Aidan O'Connell,QB,4.78,56.79659319888644
2025,00-0040494,Max Brosmer,QB,4.220000000000001,7.791324749980006
2025,00-0036679,Shane Buechele,QB,3.92,48.25853844456591
2025,00-0031237,Teddy Bridgewater,QB,2.88,13.69933424477199
2025,00-0038416,Tyson Bagent,QB,2.58,18.669415617684532
2025,00-0039164,Anthony Richardson,QB,2.1599999999999997,15.071092149310449
2025,00-0033949,Joshua Dobbs,QB,2.1,7.4245251266931405
2025,00-0038582,Clayton Tune,QB,1.9800000000000002,11.852825803056504
2025,00-0033662,Cooper Rush,QB,1.7200000000000002,4.829152755356109
2025,00-0037013,Zach Wilson,QB,1.3800000000000001,6.879116533852618
2025,00-0032434,Brandon Allen,QB,0.8799999999999999,6.737209624392792
2025,00-0035704,Drew Lock,QB,0.09999999999999998,2.1937198813843506
2025,00-0034955,Brett Rypien,QB,0.0,4.088075512641794
2025,00-0033319,Nick Mullens,QB,-0.040000000000000036,0.7044050962266137
2025,00-0039577,Kedon Slovis,QB,-0.08,3.308055489341126
2025,00-0038658,Adrian Martinez,QB,-0.1,1.8193065432121038
2025,00-0034577,Kyle Allen,QB,-0.30000000000000004,0.40585847386526464
2025,00-0035289,Gardner Minshew,QB,-0.3200000000000003,0.6546391761134562
2025,00-0031345,Jimmy Garoppolo,QB,-1.0,-3.1356950945378372
2025,00-0040673,Jalen Milroe,QB,-1.6,-3.607721542365196
2025,00-0033280,Christian McCaffrey,RB,458.40000000000003,284.7249095941675
2025,00-0038542,Bijan Robinson,RB,368.8,255.82539388515323
2025,00-0039139,Jahmyr Gibbs,RB,366.90000000000003,257.3008631413218
2025,00-0036223,Jonathan Taylor,RB,360.3,248.71551091917803
2025,00-0037248,James Cook,RB,323.40000000000003,197.5239924710939
2025,00-0039040,De'Von Achane,RB,322.8,239.18511221323007
2025,00-0037840,Kyren Williams,RB,320.6,188.08541506112766
2025,00-0038597,Chase Brown,RB,280.6,194.54430400599972
2025,00-0032764,Derrick Henry,RB,279.5,191.05422573805606
2025,00-0036973,Travis Etienne,RB,276.5,179.76067210416778
2025,00-0038134,Kenneth Walker III,RB,266.6,155.41196209552152
2025,00-0036275,D'Andre Swift,RB,253.4,164.71495849536421
2025,00-0034844,Saquon Barkley,RB,246.4,165.79451027055222
2025,00-0040122,Ashton Jeanty,RB,245.1,166.76630102511177
2025,00-0035700,Josh Jacobs,RB,243.9,177.57091441977525
2025,00-0036997,Javonte Williams,RB,242.8,176.6579252192421
2025,00-0036919,Kenneth Gainwell,RB,229.9,154.93485289375354
2025,00-0040730,RJ Harvey,RB,228.10000000000002,143.89777951817632
2025,00-0036875,Rhamondre Stevenson,RB,227.1,150.14798669209665
2025,00-0037228,Jaylen Warren,RB,222.8,153.64244098638449
2025,00-0040734,TreVeyon Henderson,RB,222.10000000000002,125.32362009425263
2025,00-0036139,Rico Dowdle,RB,218.8,141.38040400987865
2025,00-0038120,Breece Hall,RB,207.66,149.79317729194116
2025,00-0035261,Tony Pollard,RB,185.8,125.38444059941092
2025,00-0039165,Zach Charbonnet,RB,181.4,125.77364100109895
2025,00-0040784,Quinshon Judkins,RB,167.8,136.3105199640449
2025,00-0040583,Woody Marks,RB,165.9,105.55959030918287
2025,00-0035685,David Montgomery,RB,164.92000000000002,115.31750308241455
2025,00-0039384,Tyrone Tracy Jr.,RB,160.8,124.94057828783228
2025,00-0040236,Kyle Monangai,RB,159.8,98.35734255168146
2025,00-0033923,Kareem Hunt,RB,145.4,100.7797030090652
2025,00-0036555,Chuba Hubbard,RB,145.3,107.24131043302326
2025,00-0037256,Rachaad White,RB,143.0,100.32151551764618
2025,00-0039738,Blake Corum,RB,142.8,84.37989203616782
2025,00-0040242,Jacory Croskey-Merritt,RB,140.3,96.63118704732102
2025,00-0039361,Bucky Irving,RB,138.5,158.34399006229393
2025,00-0040666,Omarion Hampton,RB,135.6,159.59066967118446
2025,00-0037525,Jordan Mason,RB,128.9,94.42160237324666
2025,00-0040715,Cam Skattebo,RB,125.7,186.19035291571015
2025,00-0039391,Kimani Vidal,RB,125.0,103.03241480549183
2025,00-0037263,Tyler Allgeier,RB,123.0,85.71792263206392
2025,00-0033293,Aaron Jones,RB,118.7,115.21185439695476
2025,00-0036158,J.K. Dobbins,RB,115.9,133.0428561074275
2025,00-0039032,Tyjae Spears,RB,111.7,104.29137246802196
2025,00-0035250,Devin Singletary,RB,106.8,75.13673345688476
2025,00-0033906,Alvin Kamara,RB,100.7,104.99673720287454
2025,00-0035537,Ty Johnson,RB,100.30000000000001,74.09302706711958
2025,00-0036924,Michael Carter,RB,99.0,90.67049954801514
2025,00-0034791,Nick Chubb,RB,94.5,65.0045875606228
2025,00-0040719,Bhayshul Tuten,RB,93.7,71.50044564318998
2025,00-0037157,Bam Knight,RB,92.89999999999999,92.90533341706775
2025,00-0038797,Emanuel Wilson,RB,92.80000000000001,61.104838730293935
2025,00-0038611,Chris Rodriguez Jr.,RB,92.0,90.46454086023788
2025,00-0038951,Sean Tucker,RB,91.4,65.98191268920095
2025,00-0040162,Dylan Sampson,RB,87.60000000000001,71.59147609771667
2025,00-0037197,Isiah Pacheco,RB,87.3,78.04141926591753
2025,00-0033526,Samaje Perine,RB,77.9,62.79043765608135
2025,00-0033955,Jeremy McNichols,RB,70.7,55.73798992244191
2025,00-0039798,Isaiah Davis,RB,69.2,54.71401734032366
2025,00-0034975,Justice Hill,RB,65.2,82.66716030758856
2025,00-0037746,Brian Robinson,RB,64.2,41.0077334780647
2025,00-0039875,Ray Davis,RB,63.400000000000006,42.41104405752378
2025,00-0040078,Brashard Smith,RB,63.3,47.13947471177102
2025,00-0040202,Devin Neal,RB,60.0,80.16847328161715
2025,00-0038705,Emari Demercado,RB,58.3,60.43673116837002
2025,00-0038555,Tank Bigsby,RB,55.7,43.315364284731906
2025,00-0038454,Keaton Mitchell,RB,55.400000000000006,52.41997274415644
2025,00-0040198,Ollie Gordon II,RB,54.1,39.51391965476212
2025,00-0039874,Jaylen Wright,RB,48.2,62.79343948068802
2025,00-0039373,Audric Estimé,RB,48.099999999999994,114.01628562144903
2025,00-0037267,Jerome Ford,RB,43.6,43.07778513260028
2025,00-0037563,Malik Davis,RB,40.6,49.41900122193303
2025,00-0038440,Zavier Scott,RB,39.2,45.09003968495482
2025,00-0032104,Ameer Abdullah,RB,37.9,38.901409942940276
2025,00-0037085,Tyler Badie,RB,37.5,28.82441220705194
2025,00-0038738,Hunter Luepke,RB,37.0,35.530434333161026
2025,00-0038685,Chris Brooks,RB,36.4,27.371198577681675
2025,00-0038794,Jaleel McLaughlin,RB,35.800000000000004,43.93419816704953
2025,00-0039921,Trey Benson,RB,35.4,105.70804497269009
2025,00-0033553,James Conner,RB,33.300000000000004,130.87619600368825
2025,00-0038551,Kendre Miller,RB,33.3,56.51187499830885
2025,00-0039405,Jawhar Jordan,RB,29.7,85.34359473803445
2025,00-0031687,Raheem Mostert,RB,29.400000000000002,32.44632219323333
2025,00-0040238,LeQuint Allen Jr.,RB,27.0,22.21800598919838
2025,00-0035243,Miles Sanders,RB,26.700000000000003,81.6793403427366
2025,00-0036755,Jaret Patterson,RB,25.7,43.85166351887672
2025,00-0039796,Rasheen Ali,RB,24.2,23.480226645042855
2025,00-0033854,Dare Ogunbowale,RB,24.1,24.41953357616766
2025,00-0039299,George Holani,RB,23.2,25.74463397781173
2025,00-0034959,Andrew Beck,RB,23.0,29.80405665550124
2025,00-0039746,Will Shipley,RB,21.1,20.3560452707043
2025,00-0040586,Jaydon Blue,RB,20.400000000000002,47.36876527299067
2025,00-0040466,Raheim Sanders,RB,20.3,60.32439727313819
2025,00-0036328,Antonio Gibson,RB,17.2,41.81125442167268
2025,00-0035291,Trayveon Williams,RB,17.1,37.39429501480887
2025,00-0036727,Adam Prentice,RB,16.000000000000004,16.42438465109886
2025,00-0039794,Braelon Allen,RB,15.3,47.07185271706641
2025,00-0039757,Terrell Jennings,RB,15.200000000000001,31.84220549033961
2025,00-0040644,Trevor Etienne,RB,14.1,12.635702292606473
2025,00-0033699,Austin Ekeler,RB,13.1,77.38813209466838
2025,00-0036893,Najee Harris,RB,11.600000000000001,46.96999946568185
2025,00-0040021,Phil Mafah,RB,10.9,134.59286417711525
2025,00-0037617,Hassan Haskins,RB,10.0,12.930807413673637
2025,00-0037329,Brittain Brown,RB,9.7,62.05711114208595
2025,00-0040179,DJ Giddens,RB,9.600000000000001,22.664029328606492
2025,00-0038040,Zamir White,RB,9.6,25.14030676874885
2025,00-0040556,Corey Kiner,RB,9.3,29.81055307612815
2025,00-0036265,AJ Dillon,RB,9.100000000000001,20.818930189408803
2025,00-0037276,Ty Chandler,RB,8.8,34.449438730082434
2025,00-0040142,Kaleb Johnson,RB,8.8,12.170863968735194
2025,00-0039603,British Brooks,RB,7.800000000000001,13.022306813031273
2025,00-0036414,Cam Akers,RB,7.180000000000001,25.112763522174262
2025,00-0036906,Khalil Herbert,RB,6.6000000000000005,16.997648192302364
2025,00-0040208,Tahj Brooks,RB,6.4,9.335328238800926
2025,00-0038397,Evan Hull,RB,6.4,14.151387987660236
2025,00-0039407,Dylan Laube,RB,5.7,7.760060476352367
2025,00-0037120,Tyler Goodson,RB,5.2,9.54717640350983
2025,00-0036842,Kene Nwangwu,RB,4.9,8.857303076300138
2025,00-0037557,Ronnie Rivers,RB,4.6000000000000005,9.421477050152948
2025,00-0040177,Jordan James,RB,4.5,53.8854318718445
2025,00-0037745,Velus Jones Jr.,RB,4.2,11.160850068080244
2025,00-0036360,Clyde Edwards-Helaire,RB,4.199999999999999,26.368990233619083
2025,00-0040547,Nate Carter,RB,4.000000000000001,24.56219701866447
2025,00-0037594,Julius Chestnut,RB,4.0,6.462546497490494
2025,00-0037258,Dameon Pierce,RB,3.6,10.167038214060497
2025,00-0035628,D'Ernest Johnson,RB,2.5,6.2231364124142985
2025,00-0036425,DeeJay Dallas,RB,2.1,8.645896244113054
2025,00-0040067,Jacardia Wright,RB,2.0,24.05400808228546
2025,00-0039021,Roschon Johnson,RB,1.7000000000000002,7.297724328958899
2025,00-0039471,Frank Gore Jr.,RB,1.6,13.87621640877774
2025,00-0040429,Josh Williams,RB,1.1,8.943470798820048
2025,00-0038896,Jacob Saylors,RB,1.1,5.155670632448387
2025,00-0040039,Amar Johnson,RB,0.8,11.612472786024199
2025,00-0040205,Kalel Mullings,RB,0.7000000000000001,5.517476527248737
2025,00-0035311,Myles Gaskin,RB,0.6000000000000001,8.553288474397887
2025,00-0038458,Owen Wright,RB,0.6000000000000001,6.32068199351984
2025,00-0039364,Sione Vaki,RB,0.4,4.5872238268828855
2025,00-0035567,Craig Reynolds,RB,0.4,4.480161666324339
2025,00-0039266,Kendall Milton,RB,0.2,4.560101960469153
2025,00-0040649,Robbie Ouzts,RB,0.0,3.9956803617467815
2025,00-0036950,Avery Williams,RB,0.0,4.088075512641794
2025,00-0036984,Trey Sermon,RB,0.0,4.088075512641794
2025,00-0039363,Isaac Guerendo,RB,0.0,4.088075512641794
2025,00-0038678,Jordan Mims,RB,0.0,4.088075512641794
2025,00-0034681,Chase Edmonds,RB,0.0,4.088075512641794
2025,00-0038396,Eric Gray,RB,0.0,4.088075512641794
2025,00-0040476,Ulysses Bentley IV,RB,0.0,3.0716976398837885
2025,00-0036567,Elijah Mitchell,RB,0.0,3.6260997581667316
2025,00-0038409,Lew Nichols III,RB,0.0,4.088075512641794
2025,00-0040692,Jarquez Hunter,RB,0.0,4.088075512641794
2025,00-0035726,Jakob Johnson,RB,0.0,4.088075512641794
2025,00-0036569,Gary Brightwell,RB,0.0,4.088075512641794
2025,00-0035594,Travis Homer,RB,-0.2,3.647930504379122
2025,00-0034367,Nyheim Hines,RB,-0.2,2.953691027926949
2025,00-0037744,Trey McBride,TE,315.90000000000003,232.21922679967514
2025,00-0036970,Kyle Pitts,TE,210.8,156.17791626298612
2025,00-0033090,Hunter Henry,TE,205.0,124.10141938028453
2025,00-0034351,Dallas Goedert,TE,204.5,161.52604880467658
2025,00-0040126,Colston Loveland,TE,196.4,137.9352049716195
2025,00-0030506,Travis Kelce,TE,191.20000000000002,141.95054712912395
2025,00-0034383,Dalton Schultz,TE,188.60000000000002,125.68114518746235
2025,00-0040128,Tyler Warren,TE,188.5,139.53740503639114
2025,00-0040663,Harold Fannin Jr.,TE,186.4,146.45751009750944
2025,00-0038041,Jake Ferguson,TE,186.1,138.35642410539418
2025,00-0036040,Juwan Johnson,TE,179.9,133.8486670394597
2025,00-0039338,Brock Bowers,TE,174.2,182.4132938269504
2025,00-0039793,AJ Barner,TE,166.20000000000002,105.8703587367604
2025,00-0033288,George Kittle,TE,163.1,171.4908440318943
2025,00-0036244,Colby Parkinson,TE,159.0,119.32122497703735
2025,00-0038933,Dalton Kincaid,TE,158.20000000000002,143.62837334593473
2025,00-0040189,Oronde Gadsden II,TE,137.4,109.55827004418494
2025,00-0034753,Mark Andrews,TE,131.0,98.09573757729312
2025,00-0039847,Theo Johnson,TE,127.8,108.51271656032569
2025,00-0030061,Zach Ertz,TE,124.4,121.37363473859341
2025,00-0037809,Chig Okonkwo,TE,124.0,93.29212699907468
2025,00-0038129,Cade Otton,TE,122.2,103.6215344473297
2025,00-0038935,Brenton Strange,TE,120.9,118.25056873073316
2025,00-0038996,Tucker Kraft,TE,117.19999999999999,184.89545729133596
2025,00-0036894,Pat Freiermuth,TE,116.4,93.55373917018944
2025,00-0035689,Dawson Knox,TE,113.9,81.87367779619571
2025,00-0035229,T.J. Hockenson,TE,112.8,96.16743413781165
2025,00-0033881,Evan Engram,TE,108.4,77.34882879333028
2025,00-0039065,Sam LaPorta,TE,106.9,150.32910555405874
2025,00-0037112,Jake Tonges,TE,104.60000000000001,111.13744389784627
2025,00-0040584,Gunnar Helm,TE,91.7,74.27769858462969
2025,00-0036290,Cole Kmet,TE,88.9,64.5100493180062
2025,00-0031610,Darren Waller,TE,88.7,125.66000320407225
2025,00-0033858,Jonnu Smith,TE,87.10000000000001,62.718776976038285
2025,00-0040736,Mason Taylor,TE,86.9,85.49572466393525
2025,00-0033885,David Njoku,TE,86.3,100.32795553199277
2025,00-0033110,Tyler Higbee,TE,83.5,83.03758197671134
2025,00-0035644,Noah Fant,TE,74.8,74.69173200317583
2025,00-0039066,Michael Mayer,TE,73.8,73.40852486802257
2025,00-0038558,Darnell Washington,TE,71.4,71.34517440349988
2025,00-0034829,Mike Gesicki,TE,70.7,76.25786915088584
2025,00-0037005,Tommy Tremble,TE,69.10000000000001,57.020776613962525
2025,00-0032392,Austin Hooper,TE,64.7,53.77881549069823
2025,00-0039074,Davis Allen,TE,62.800000000000004,55.50516943345118
2025,00-0037252,Greg Dulcich,TE,62.800000000000004,89.67030117257323
2025,00-0037838,Isaiah Likely,TE,61.7,67.09592380308573
2025,00-0038115,Daniel Bellinger,TE,59.6,60.58143889725505
2025,00-0039041,Elijah Higgins,TE,58.1,45.88490635091659
2025,00-0035249,Josh Oliver,TE,55.0,60.75787249884182
2025,00-0040737,Terrance Ferguson,TE,55.0,55.89403527479115
2025,00-0039356,Ja'Tavion Sanders,TE,54.0,59.13674355852159
2025,00-0040194,Jackson Hawes,TE,52.7,50.6046875562812
2025,00-0039144,Luke Musgrave,TE,51.1,48.711407691324204
2025,00-0040187,Mitchell Evans,TE,48.2,43.463059586417955
2025,00-0034613,Tanner Hudson,TE,47.8,62.84362812280816
2025,00-0037805,Jeremy Ruckert,TE,46.900000000000006,45.08622747401632
2025,00-0036422,Adam Trautman,TE,45.5,43.965829450051785
2025,00-0033357,Taysom Hill,TE,41.78,39.57510299161261
2025,00-0036637,Noah Gray,TE,38.800000000000004,37.57626426928725
2025,00-0040739,Elijah Arroyo,TE,36.9,38.7127635938341
2025,00-0036754,Brock Wright,TE,36.800000000000004,60.42763263473287
2025,00-0038046,Charlie Kolar,TE,36.2,38.429301718643636
2025,00-0037004,Hunter Long,TE,32.5,61.11286388295915
2025,00-0035631,Drew Sample,TE,31.9,36.526147752309136
2025,00-0033217,Mo Alie-Cox,TE,30.7,38.20121656616052
2025,00-0036887,Luke Farrell,TE,30.6,29.113281363005754
2025,00-0038720,Julian Hill,TE,29.0,36.26570305312246
2025,00-0039912,Ben Sinnott,TE,28.4,42.940674028928754
2025,00-0037304,Connor Heyward,TE,27.4,27.37818903969688
2025,00-0036628,John Bates,TE,27.3,37.53919124461868
2025,00-0038547,Luke Schoonmaker,TE,27.200000000000003,27.661285222768353
2025,00-0039359,Cade Stover,TE,25.400000000000002,41.74947583780749
2025,00-0037306,John FitzPatrick,TE,25.2,32.14925006210894
2025,00-0034365,Ian Thomas,TE,24.4,37.374491377054596
2025,00-0039530,Brevyn Spann-Ford,TE,24.0,22.498586662206073
2025,00-0037086,Grant Calcaterra,TE,22.6,34.86970918371122
2025,00-0034159,Will Dissly,TE,20.700000000000003,35.569743630071514
2025,00-0033246,Johnny Mundt,TE,20.1,24.334164770640328
2025,00-0037348,Tanner Conner,TE,18.1,31.55721953519792
2025,00-0038783,Nate Adkins,TE,17.900000000000002,35.32154654843191
2025,00-0036590,Quintin Morris,TE,17.5,23.634499160575363
2025,00-0034270,Tyler Conklin,TE,17.3,39.25932956375726
2025,00-0036741,Jack Stoll,TE,16.6,26.623096484672235
2025,00-0038589,Josh Whyle,TE,16.3,32.78892100923596
2025,00-0033455,Anthony Firkser,TE,13.3,36.47772717515848
2025,00-0039648,David Martin-Robinson,TE,13.0,18.63707442541167
2025,00-0034981,Foster Moreau,TE,12.9,26.507888930627036
2025,00-0036429,Charlie Woerner,TE,12.8,26.394972453170375
2025,00-0037292,Andrew Ogletree,TE,12.700000000000001,18.295513217228482
2025,00-0037475,Stone Smartt,TE,12.2,28.860397513253453
2025,00-0036332,Josiah Deguara,TE,11.1,23.617437363810605
2025,00-0036876,Kylen Granson,TE,11.0,15.221845416275938
2025,00-0034798,Durham Smythe,TE,9.6,16.9849381226647
2025,00-0039458,Brenden Bates,TE,8.8,25.668183059588383
2025,00-0036423,Albert Okwuegbunam,TE,8.6,109.0218552995563
2025,00-0037654,Tucker Fisk,TE,8.100000000000001,23.730045222458003
2025,00-0036232,Harrison Bryant,TE,7.8,19.44520826042357
2025,00-0039754,Devin Culp,TE,7.6,27.768012410785033
2025,00-0040363,Keleki Latu,TE,7.5,34.78188525680049
2025,00-0033576,Eric Saubert,TE,7.1,12.656669270878211
2025,00-0038809,Ben Sims,TE,6.0,28.21194593712536
2025,00-0037282,James Mitchell,TE,5.800000000000001,27.68500237566095
2025,00-0036534,Shane Zylstra,TE,5.0,64.39775157385071
2025,00-0039737,Tip Reiman,TE,4.8,23.356373468596974
2025,00-0039686,Colson Yankoff,TE,3.8000000000000003,8.708568953651676
2025,00-0037340,Zaire Mitchell-Paden,TE,3.7,19.07225661711751
2025,00-0037539,Lucas Krull,TE,3.5,25.08096819544615
2025,00-0040509,Ben Yurosek,TE,3.4,10.953970516543809
2025,00-0037015,Sal Cannella,TE,3.1,22.34519812486525
2025,00-0040244,Moliki Matavao,TE,3.0,40.735856903842205
2025,00-0039305,Jack Westover,TE,2.8,10.824280201318189
2025,00-0034073,Ross Dwelley,TE,2.7,11.964245722081838
2025,00-0039631,Cam Grandy,TE,2.7,20.533379563234476
2025,00-0038394,Will Mallory,TE,2.6,36.188268271630534
2025,00-0038710,Blake Whiteheart,TE,2.4,7.119801267449578
2025,00-0033439,Pharaoh Brown,TE,2.1,9.163327816872844
2025,00-0039050,Payne Durham,TE,2.1,7.144614264167435
2025,00-0031484,Chris Manhertz,TE,1.7000000000000002,9.179749796258923
2025,00-0039824,Jared Wiley,TE,1.4,12.623825312106055
2025,00-0037755,Jelani Woods,TE,1.4,12.161849557630992
2025,00-0040628,Drake Dabney,TE,1.3,19.44520826042357
2025,00-0040488,Carter Runyon,TE,1.3,9.36111168006074
2025,00-0033757,Robert Tonyan,TE,1.1,10.745238667098528
2025,00-0036825,Feleipe Franks,TE,0.4,4.3857563767588665
2025,00-0024243,Marcedes Lewis,TE,0.0,4.088075512641794
2025,00-0039489,Hayden Rucci,TE,0.0,4.088075512641794
2025,00-0038643,Brayden Willis,TE,0.0,4.011079553562617
2025,00-0037031,Nikola Kalinic,TE,0.0,4.088075512641794
2025,00-0038735,Princeton Fant,TE,0.0,4.088075512641794
2025,00-0038498,E.J. Jenkins,TE,0.0,4.088075512641794
2025,00-0037311,Ko Kieft,TE,0.0,4.088075512641794
2025,00-0037277,Teagan Quitoriano,TE,0.0,4.088075512641794
2025,00-0040058,Nick Kallerup,TE,0.0,3.972581574023028
2025,00-0040225,Thomas Fidone II,TE,0.0,4.088075512641794
2025,00-0038590,Justin Shorter,TE,0.0,4.088075512641794
2025,00-0035956,Giovanni Ricci,TE,0.0,3.8570876354042625
2025,00-0038564,Cameron Latu,TE,0.0,4.088075512641794
2025,00-0038456,Travis Vokolek,TE,0.0,4.088075512641794
2025,00-0039075,Puka Nacua,WR,452.6,296.50750186217357
2025,00-0038543,Jaxon Smith-Njigba,WR,408.8,255.35541253707947
2025,00-0036963,Amon-Ra St. Brown,WR,324.0,237.92561609077552
2025,00-0036900,Ja'Marr Chase,WR,313.6,244.02456494803198
2025,00-0037247,George Pickens,WR,289.9,213.93461144723767
2025,00-0037239,Chris Olave,WR,268.0,209.2783555079302
2025,00-0031381,Davante Adams,WR,258.40000000000003,190.67419103779474
2025,00-0039064,Zay Flowers,WR,243.3,179.5228178918519
2025,00-0031588,Stefon Diggs,WR,241.3,145.30991714229975
2025,00-0034348,Courtland Sutton,WR,237.70000000000002,157.41339039006476
2025,00-0036554,Nico Collins,WR,229.3,179.77739476916202
2025,00-0040124,Tetairoa McMillan,WR,226.5,158.36979560342417
2025,00-0035676,A.J. Brown,WR,225.8,177.1359629946328
2025,00-0038559,Michael Wilson,WR,220.6,163.18018222992873
2025,00-0037240,Jameson Williams,WR,219.9,162.95797124134947
2025,00-0038117,Wan'Dale Robinson,WR,217.9,170.4152292878179
2025,00-0036912,DeVonta Smith,WR,216.79999999999998,151.74912573649203
2025,00-0036410,Tee Higgins,WR,209.6,176.07061649166144
2025,00-0034827,DJ Moore,WR,207.08,137.22999236099446
2025,00-0036322,Justin Jefferson,WR,201.5,148.58200037540325
2025,00-0037261,Khalil Shakir,WR,201.1,140.9743494023581
2025,00-0036358,CeeDee Lamb,WR,200.9,193.39470413318594
2025,00-0036252,Michael Pittman,WR,200.4,148.70645486460205
2025,00-0037238,Drake London,WR,199.9,208.40378532476603
2025,00-0038606,Parker Washington,WR,196.6,145.47761018751697
2025,00-0036613,Jaylen Waddle,WR,194.12,153.00258814273053
2025,00-0040129,Emeka Egbuka,WR,193.7,143.21618596494795
2025,00-0035640,DK Metcalf,WR,193.4,152.34095968464902
2025,00-0037816,Romeo Doubs,WR,189.8,141.30505369224483
2025,00-0035719,Deebo Samuel Sr.,WR,188.20000000000002,147.4622017880289
2025,00-0030279,Keenan Allen,WR,188.2,131.6960308378836
2025,00-0039915,Ladd McConkey,WR,187.1,138.93551132913973
2025,00-0036259,Jauan Jennings,WR,186.26,138.62636781484719
2025,00-0037664,Alec Pierce,WR,183.3,154.5432033008613
2025,00-0034960,Jakobi Meyers,WR,178.0,131.82390061273895
2025,00-0038544,Quentin Johnston,WR,176.2,158.5953997045873
2025,00-0039868,Troy Franklin,WR,171.1,127.01241660535096
2025,00-0038563,Tre Tucker,WR,161.7,120.0548094718224
2025,00-0039919,Rome Odunze,WR,158.9,142.8686416308454
2025,00-0037545,Rashid Shaheed,WR,157.6,95.20397689608296
2025,00-0038608,Kayshon Boutte,WR,155.9,110.86514884129747
2025,00-0033908,Cooper Kupp,WR,151.0,101.34427273492764
2025,00-0039893,Brian Thomas Jr.,WR,148.9,125.34123978995405
2025,00-0040130,Jayden Higgins,WR,148.3,99.84670627564986
2025,00-0039067,Rashee Rice,WR,148.1,230.79747750738176
2025,00-0038124,Christian Watson,WR,145.0,166.47973146934459
2025,00-0040735,Luther Burden III,WR,140.1,104.81058713757187
2025,00-0038997,Josh Downs,WR,138.4,109.75199149103493
2025,00-0033555,Mack Hollins,WR,138.3,110.11259596505131
2025,00-0035662,Marquise Brown,WR,137.7,109.73534640550147
2025,00-0038994,Jordan Addison,WR,135.1,122.19175631652752
2025,00-0039849,Marvin Harrison Jr.,WR,125.80000000000001,132.57005630733346
2025,00-0038976,Marvin Mims Jr.,WR,122.5,91.85008344845583
2025,00-0036407,Jerry Jeudy,WR,120.7,90.06750173826585
2025,00-0038621,DeMario Douglas,WR,118.2,76.40892738249538
2025,00-0039491,Jalen Coker,WR,116.8,123.87008671400838
2025,00-0040170,Elic Ayomanor,WR,116.5,92.70806210478129
2025,00-0040705,Chimere Dike,WR,116.1,86.95041085407317
2025,00-0035659,Terry McLaurin,WR,114.2,144.33928422569778
2025,00-0039410,Ryan Flournoy,WR,114.0,97.27405527691411
2025,00-0039901,Keon Coleman,WR,113.0,103.09503742028998
2025,00-0039880,Malik Washington,WR,110.7,82.8580811678059
2025,00-0038618,Xavier Hutchinson,WR,110.5,78.90234342224083
2025,00-0039894,Xavier Worthy,WR,109.9,99.1933204101535
2025,00-0037740,Garrett Wilson,WR,99.5,178.21272860897
2025,00-0037291,Jalen Nailor,WR,98.7,75.24057796453936
2025,00-0034775,Christian Kirk,WR,96.3,94.48040247764202
2025,00-0035535,Darius Slayton,WR,94.8,86.8139531635581
2025,00-0035208,Olamide Zaccheaus,WR,94.5,75.81105975044996
2025,00-0040237,Tez Johnson,WR,92.4,79.40592851387032
2025,00-0033307,Kendrick Bourne,WR,92.10000000000001,79.29097774854134
2025,00-0039342,Xavier Legette,WR,91.10000000000001,73.36917300581945
2025,00-0037837,Calvin Austin III,WR,90.0,77.35283991141095
2025,00-0038619,Andrei Iosivas,WR,89.9,77.15846674797626
2025,00-0039916,Ricky Pearsall,WR,88.60000000000001,112.30578445358863
2025,00-0040667,Matthew Golden,WR,88.4,75.70895143003587
2025,00-0039890,Adonai Mitchell,WR,87.9,70.69114990454793
2025,00-0031408,Mike Evans,WR,84.80000000000001,133.26121966265862
2025,00-0037801,KaVontae Turpin,WR,84.5,72.31720712468413
2025,00-0040134,Pat Bryant,WR,82.3,71.10252749269912
2025,00-0036309,Darnell Mooney,WR,82.3,70.58511672854792
2025,00-0032385,Sterling Shepard,WR,82.0,80.88888111207034
2025,00-0033921,Chris Godwin Jr.,WR,81.0,114.18541160440138
2025,00-0038104,Tyquan Thornton,WR,80.8,86.99131744557044
2025,00-0032775,Demarcus Robinson,WR,80.4,65.71564466319484
2025,00-0040669,Isaac TeSlaa,WR,75.9,71.0946110128548
2025,00-0038393,Dontayvion Wicks,WR,75.8,75.39924387406685
2025,00-0035500,Greg Dortch,WR,75.10000000000001,80.60356456209614
2025,00-0033857,JuJu Smith-Schuster,WR,73.5,57.012695930424755
2025,00-0040727,Tre Harris,WR,73.4,56.79227695415048
2025,00-0037614,John Metchie III,WR,71.9,71.41463156447752
2025,00-0036415,Van Jefferson,WR,70.0,64.99172040103294
2025,00-0040138,Jaylin Noel,WR,68.4,47.953556563763215
2025,00-0032211,Tyler Lockett,WR,67.1,52.02606135796955
2025,00-0030564,DeAndre Hopkins,WR,67.0,52.387192003553636
2025,00-0039424,Devaughn Vele,WR,66.3,94.34565803139728
2025,00-0031236,Brandin Cooks,WR,64.7,56.66035411839193
2025,00-0039146,Jayden Reed,WR,64.2,135.1834547947106
2025,00-0040718,Travis Hunter,WR,63.800000000000004,115.1195373486988
2025,00-0032464,Kalif Raymond,WR,60.8,53.79219273908288
2025,00-0038979,Cedric Tillman,WR,60.0,65.20620914418208
2025,00-0040648,Tory Horton,WR,59.1,95.33803445445608
2025,00-0039337,Malik Nabers,WR,57.1,178.82461671086799
2025,00-0040782,Isaiah Bond,WR,54.7,48.06468266722304
2025,00-0033040,Tyreek Hill,WR,53.5,168.24606047253542
2025,00-0036550,Rashod Bateman,WR,53.400000000000006,54.182057585920816
2025,00-0040131,Kyle Williams,WR,52.6,41.9852293792867
2025,00-0036988,Josh Palmer,WR,52.300000000000004,57.247028899617945
2025,00-0033375,Tim Patrick,WR,51.7,49.512132878169254
2025,00-0037741,Jahan Dotson,WR,50.2,42.31352723849232
2025,00-0036626,Dyami Brown,WR,49.7,58.565075957523796
2025,00-0039355,Luke McCaffrey,WR,49.300000000000004,71.92131710619897
2025,00-0035359,David Sills,WR,49.1,53.945817288033034
2025,00-0039451,Isaiah Williams,WR,48.7,43.41841816031528
2025,00-0038359,Xavier Smith,WR,48.300000000000004,35.34162717501138
2025,00-0038679,Tyrell Shavers,WR,47.900000000000006,53.11690396629683
2025,00-0035406,Lil'Jordan Humphrey,WR,47.4,68.35342883760862
2025,00-0034837,Calvin Ridley,WR,47.3,86.33805573615673
2025,00-0037666,Jalen Tolbert,WR,44.3,49.01324886042547
2025,00-0040729,Jack Bech,WR,42.4,41.0606846632859
2025,00-0030035,Adam Thielen,WR,42.1,38.098978764855254
2025,00-0039751,Jordan Whittington,WR,41.800000000000004,33.90928854481271
2025,00-0040164,Jaylin Lane,WR,39.2,35.76392270459782
2025,00-0039739,Roman Wilson,WR,38.6,56.7237946761189
2025,00-0032398,Chris Moore,WR,38.6,51.266189821600385
2025,00-0036427,Tyler Johnson,WR,37.7,55.625395497605574
2025,00-0039792,Devontez Walker,WR,37.6,62.48848130173591
2025,00-0034272,Marquez Valdes-Scantling,WR,37.6,49.607263182281926
2025,00-0034983,Hunter Renfrow,WR,35.900000000000006,77.02091452743899
2025,00-0035645,Gunner Olszewski,WR,35.82000000000001,31.715742940789152
2025,00-0036196,Gabe Davis,WR,34.300000000000004,64.06931198612915
2025,00-0037231,Kevin Austin Jr.,WR,33.0,84.62079942238769
2025,00-0039920,Malachi Corley,WR,31.6,35.42765998262074
2025,00-0038839,Mitchell Tinsley,WR,31.6,52.171596567748146
2025,00-0036849,Tutu Atwell,WR,31.2,52.06512374319675
2025,00-0040590,Konata Mumpfield,WR,30.4,32.344198320981434
2025,00-0033891,Zay Jones,WR,30.3,65.94789863113667
2025,00-0038840,Brycen Tremayne,WR,30.0,27.021812366796745
2025,00-0036980,Elijah Moore,WR,30.0,40.218425331082415
2025,00-0039855,Jalen McMillan,WR,29.9,95.71780644137922
2025,00-0037742,Treylon Burks,WR,29.0,48.21681944218394
2025,00-0040218,Jimmy Horn Jr.,WR,28.7,35.31095132506301
2025,00-0036165,Isaiah Hodgins,WR,27.5,60.026410887589634
2025,00-0040277,Jahdae Walker,WR,26.7,59.04951972373999
2025,00-0040311,Theo Wease Jr.,WR,25.9,110.67125434371368
2025,00-0040009,Savion Williams,WR,25.500000000000004,29.384726804824375
2025,00-0040581,Dont'e Thornton Jr.,WR,23.5,29.58376961115034
2025,00-0034521,Allen Lazard,WR,23.0,35.16967425196805
2025,00-0033282,Curtis Samuel,WR,22.3,43.1937191560825
2025,00-0033943,Josh Reynolds,WR,21.1,54.99868162339163
2025,00-0039379,Jamari Thrash,WR,20.7,35.62749059938089
2025,00-0039623,Mason Tipton,WR,20.400000000000002,34.53416106313124
2025,00-0040024,Darius Cooper,WR,20.1,39.2576328522572
2025,00-0035021,Ashton Dulin,WR,20.0,24.322186193584486
2025,00-0036182,Nick Westbrook-Ikhine,WR,19.9,22.548561139423636
2025,00-0034860,Dante Pettis,WR,19.700000000000003,34.29298960577882
2025,00-0040563,Efton Chism III,WR,19.5,28.29700523748642
2025,00-0035891,Cody White,WR,18.0,32.03588731051717
2025,00-0039589,Kameron Johnson,WR,17.7,16.817877752879834
2025,00-0036862,Ben Skowronek,WR,16.9,16.375266148563224
2025,00-0040184,KeAndre Lambert-Smith,WR,16.1,23.69720126368584
2025,00-0038891,Shedrick Jackson,WR,15.9,69.35605142119664
2025,00-0039394,Casey Washington,WR,15.400000000000002,41.36818917759951
2025,00-0038752,Jake Bobo,WR,15.3,27.75132038994085
2025,00-0035298,Scott Miller,WR,15.200000000000001,40.86723273893083
2025,00-0038090,Skyy Moore,WR,15.1,13.686292141239154
2025,00-0036959,Michael Bandy,WR,15.0,50.590765883354905
2025,00-0038465,Malik Heath,WR,14.6,29.74739977446187
2025,00-0036630,Tylan Wallace,WR,14.5,20.260884874604866
2025,00-0040259,Gage Larvadain,WR,14.4,17.385020088435155
2025,00-0034407,Ray-Ray McCloud,WR,13.900000000000002,31.946863199348165
2025,00-0039521,Xavier Weaver,WR,13.700000000000001,27.74120343204822
2025,00-0040582,Arian Smith,WR,13.5,16.21235816556829
2025,00-0033591,Noah Brown,WR,13.3,44.575140090787656
2025,00-0036133,James Proche,WR,12.5,29.255605184351765
2025,00-0038824,Ryan Miller,WR,11.4,19.74637351293866
2025,00-0038953,Dylan Drummond,WR,11.2,26.61908710064229
2025,00-0038647,Ronnie Bell,WR,10.3,67.66226548228343
2025,00-0032688,Robbie Chosen,WR,10.3,45.70090923494445
2025,00-0036620,Dee Eskridge,WR,10.2,15.407172019840557
2025,00-0034419,Braxton Berrios,WR,9.700000000000001,27.645301580912378
2025,00-0034418,Cedrick Wilson Jr.,WR,9.4,23.01590572878559
2025,00-0038938,Jalin Hyatt,WR,8.5,20.75233928838218
2025,00-0038640,Jalen Brooks,WR,8.100000000000001,23.822440373353015
2025,00-0036841,Austin Trammell,WR,7.6000000000000005,19.181736479691363
2025,00-0035544,Tom Kennedy,WR,7.6,19.643712234166422
2025,00-0035140,Mecole Hardman,WR,7.4,34.51841347606829
2025,00-0040522,Xavier Restrepo,WR,7.1,46.931044303823874
2025,00-0036176,Mason Kinsey,WR,6.800000000000001,17.973857438604178
2025,00-0037093,Dareke Young,WR,6.8,11.704136177209918
2025,00-0037487,Deven Thompkins,WR,6.200000000000001,14.837495920850547
2025,00-0034854,KhaDarel Hodge,WR,6.1,13.06008793166956
2025,00-0034386,Justin Watson,WR,6.0,28.51992977344207
2025,00-0040154,Tai Felton,WR,5.5,9.712707433768248
2025,00-0034487,Trent Sherfield,WR,5.1,19.47859230211194
2025,00-0039884,Tahj Washington,WR,4.699999999999999,32.364326898238716
2025,00-0036331,Devin Duvernay,WR,4.6000000000000005,6.998607706037698
2025,00-0040172,Jordan Watkins,WR,4.6000000000000005,32.20010710437795
2025,00-0040432,Beaux Collins,WR,4.5,17.48451171848565
2025,00-0037524,Tay Martin,WR,4.300000000000001,30.552508336607954
2025,00-0038519,Nikko Remigio,WR,4.2,7.739652114997343
2025,00-0038728,Jared Wayne,WR,4.0,53.25976787055905
2025,00-0037132,Britain Covey,WR,4.0,10.980609919637098
2025,00-0040388,Jakobie Keeney-James,WR,3.5,46.99781238720063
2025,00-0039062,Jonathan Mingo,WR,3.5,12.392837434868524
2025,00-0040317,Jacoby Jones,WR,3.5,47.459788141675695
2025,00-0038573,Derius Davis,WR,3.5,7.455992627189108
2025,00-0035602,Alex Bachman,WR,3.2,7.605401679011678
2025,00-0035876,Andre Baccellia,WR,2.8,12.392837434868524
2025,00-0033589,David Moore,WR,2.7,14.866810840275932
2025,00-0039816,Anthony Gould,WR,2.6,6.964277058506673
2025,00-0038496,Xavier Gipson,WR,2.6,9.36111168006074
2025,00-0036497,Tim Jones,WR,2.5,19.51197634380032
2025,00-0040534,Ke'Shawn Williams,WR,2.5,6.707625141441889
2025,00-0040646,Jalen Royals,WR,2.4,18.423805040989414
2025,00-0040406,Quentin Skinner,WR,2.0,28.673921691600423
2025,00-0039650,Bryce Oliver,WR,1.8,15.128607505449423
2025,00-0037098,Samori Toure,WR,1.3,18.983232505948507
2025,00-0038911,Malik Cunningham,WR,0.1,4.324088736555473
2025,00-0036527,DJ Turner,WR,0.0,4.088075512641794
2025,00-0032951,Laquon Treadwell,WR,0.0,4.088075512641794
2025,00-0040629,Dalevon Campbell,WR,0.0,4.088075512641794
2025,00-0036463,Chris Blair,WR,0.0,4.088075512641794
2025,00-0040431,Dalen Cambre,WR,0.0,4.088075512641794
2025,00-0035639,Parris Campbell,WR,0.0,4.088075512641794
2025,00-0038740,Jalen Cropper,WR,0.0,4.088075512641794
2025,00-0033572,Jamal Agnew,WR,0.0,4.088075512641794
2025,00-0040075,LaJohntay Wester,WR,0.0,4.088075512641794
2025,00-0031763,DeAndre Carter,WR,0.0,4.088075512641794
2025,00-0038492,Jason Brownlee,WR,0.0,3.9340835944834396
2025,00-0034054,River Cracraft,WR,0.0,4.088075512641794
2025,00-0038576,Charlie Jones,WR,0.0,4.055077244465004
2025,00-0034928,Steven Sims,WR,0.0,3.9340835944834396
2025,00-0040241,Dominic Lovett,WR,0.0,4.088075512641794
2025,00-0039710,Jeshaun Jones,WR,0.0,4.088075512641794
2025,00-0036646,Simi Fehoko,WR,0.0,4.088075512641794
2025,00-0040506,Myles Price,WR,0.0,4.088075512641794
2025,00-0040352,Coleman Owen,WR,0.0,3.8570876354042625
2025,00-0034867,Malik Turner,WR,0.0,3.7800916763250854
2025,00-0037380,Kaden Davis,WR,0.0,4.088075512641794
